{
  "best_global_step": null,
  "best_metric": null,
  "best_model_checkpoint": null,
  "epoch": 1.0,
  "eval_steps": 25,
  "global_step": 23,
  "is_hyper_param_search": false,
  "is_local_process_zero": true,
  "is_world_process_zero": true,
  "log_history": [
    {
      "epoch": 0.2222222222222222,
      "grad_norm": 0.9499419331550598,
      "learning_rate": 0.00011428571428571428,
      "loss": 1.6016410827636718,
      "step": 5
    },
    {
      "epoch": 0.4444444444444444,
      "grad_norm": 0.5763393640518188,
      "learning_rate": 0.00019948693233918952,
      "loss": 1.5228689193725586,
      "step": 10
    },
    {
      "epoch": 0.6666666666666666,
      "grad_norm": 0.5097070336341858,
      "learning_rate": 0.00019377521321470805,
      "loss": 1.5461087226867676,
      "step": 15
    },
    {
      "epoch": 0.8888888888888888,
      "grad_norm": 0.5289741158485413,
      "learning_rate": 0.00018207634412072764,
      "loss": 1.5029293060302735,
      "step": 20
    }
  ],
  "logging_steps": 5,
  "max_steps": 69,
  "num_input_tokens_seen": 0,
  "num_train_epochs": 3,
  "save_steps": 500,
  "stateful_callbacks": {
    "TrainerControl": {
      "args": {
        "should_epoch_stop": false,
        "should_evaluate": false,
        "should_log": false,
        "should_save": true,
        "should_training_stop": false
      },
      "attributes": {}
    }
  },
  "total_flos": 734424657100800.0,
  "train_batch_size": 1,
  "trial_name": null,
  "trial_params": null
}
